-- MySQL dump 10.13  Distrib 8.0.20, for Win64 (x86_64)
--
-- Host: localhost    Database: cardexdb
-- ------------------------------------------------------
-- Server version	8.0.20

/*!40101 SET @OLD_CHARACTER_SET_CLIENT=@@CHARACTER_SET_CLIENT */;
/*!40101 SET @OLD_CHARACTER_SET_RESULTS=@@CHARACTER_SET_RESULTS */;
/*!40101 SET @OLD_COLLATION_CONNECTION=@@COLLATION_CONNECTION */;
/*!50503 SET NAMES utf8 */;
/*!40103 SET @OLD_TIME_ZONE=@@TIME_ZONE */;
/*!40103 SET TIME_ZONE='+00:00' */;
/*!40014 SET @OLD_UNIQUE_CHECKS=@@UNIQUE_CHECKS, UNIQUE_CHECKS=0 */;
/*!40014 SET @OLD_FOREIGN_KEY_CHECKS=@@FOREIGN_KEY_CHECKS, FOREIGN_KEY_CHECKS=0 */;
/*!40101 SET @OLD_SQL_MODE=@@SQL_MODE, SQL_MODE='NO_AUTO_VALUE_ON_ZERO' */;
/*!40111 SET @OLD_SQL_NOTES=@@SQL_NOTES, SQL_NOTES=0 */;

--
-- Table structure for table `alumno`
--

DROP TABLE IF EXISTS `alumno`;
/*!40101 SET @saved_cs_client     = @@character_set_client */;
/*!50503 SET character_set_client = utf8mb4 */;
CREATE TABLE `alumno` (
  `id` int NOT NULL AUTO_INCREMENT,
  `name` varchar(45) NOT NULL,
  `age` int NOT NULL,
  PRIMARY KEY (`id`)
) ENGINE=InnoDB AUTO_INCREMENT=8 DEFAULT CHARSET=utf8mb4 COLLATE=utf8mb4_0900_ai_ci;
/*!40101 SET character_set_client = @saved_cs_client */;

--
-- Dumping data for table `alumno`
--

LOCK TABLES `alumno` WRITE;
/*!40000 ALTER TABLE `alumno` DISABLE KEYS */;
INSERT INTO `alumno` VALUES (1,'diego',23),(2,'marcela',22),(3,'diana',25),(4,'jason',22),(5,'david',45),(6,'melanie',35),(7,'gustavo',21);
/*!40000 ALTER TABLE `alumno` ENABLE KEYS */;
UNLOCK TABLES;

--
-- Table structure for table `aula`
--

DROP TABLE IF EXISTS `aula`;
/*!40101 SET @saved_cs_client     = @@character_set_client */;
/*!50503 SET character_set_client = utf8mb4 */;
CREATE TABLE `aula` (
  `id` int NOT NULL AUTO_INCREMENT,
  `codigo` varchar(45) NOT NULL,
  `capacidad` int NOT NULL DEFAULT '0',
  PRIMARY KEY (`id`)
) ENGINE=InnoDB AUTO_INCREMENT=3 DEFAULT CHARSET=utf8mb4 COLLATE=utf8mb4_0900_ai_ci;
/*!40101 SET character_set_client = @saved_cs_client */;

--
-- Dumping data for table `aula`
--

LOCK TABLES `aula` WRITE;
/*!40000 ALTER TABLE `aula` DISABLE KEYS */;
INSERT INTO `aula` VALUES (1,'sum',50),(2,'02',40);
/*!40000 ALTER TABLE `aula` ENABLE KEYS */;
UNLOCK TABLES;

--
-- Table structure for table `profesor`
--

DROP TABLE IF EXISTS `profesor`;
/*!40101 SET @saved_cs_client     = @@character_set_client */;
/*!50503 SET character_set_client = utf8mb4 */;
CREATE TABLE `profesor` (
  `id` int NOT NULL AUTO_INCREMENT,
  `name` varchar(45) NOT NULL,
  `profesion` varchar(45) NOT NULL,
  PRIMARY KEY (`id`)
) ENGINE=InnoDB AUTO_INCREMENT=3 DEFAULT CHARSET=utf8mb4 COLLATE=utf8mb4_0900_ai_ci;
/*!40101 SET character_set_client = @saved_cs_client */;

--
-- Dumping data for table `profesor`
--

LOCK TABLES `profesor` WRITE;
/*!40000 ALTER TABLE `profesor` DISABLE KEYS */;
INSERT INTO `profesor` VALUES (1,'balbino','programador'),(2,'sven','ingeniero');
/*!40000 ALTER TABLE `profesor` ENABLE KEYS */;
UNLOCK TABLES;

--
-- Table structure for table `seccion`
--

DROP TABLE IF EXISTS `seccion`;
/*!40101 SET @saved_cs_client     = @@character_set_client */;
/*!50503 SET character_set_client = utf8mb4 */;
CREATE TABLE `seccion` (
  `id` int NOT NULL AUTO_INCREMENT,
  `idprofesor` int NOT NULL,
  `idaula` int NOT NULL,
  `idalumno` int NOT NULL,
  `name` varchar(45) DEFAULT NULL,
  PRIMARY KEY (`id`),
  KEY `fksec_profesor_idx` (`idprofesor`),
  KEY `fksec_aula_idx` (`idaula`),
  KEY `fksec_alumno_idx` (`idalumno`),
  CONSTRAINT `fksec_alumno` FOREIGN KEY (`idalumno`) REFERENCES `alumno` (`id`),
  CONSTRAINT `fksec_aula` FOREIGN KEY (`idaula`) REFERENCES `aula` (`id`),
  CONSTRAINT `fksec_profesor` FOREIGN KEY (`idprofesor`) REFERENCES `profesor` (`id`)
) ENGINE=InnoDB AUTO_INCREMENT=11 DEFAULT CHARSET=utf8mb4 COLLATE=utf8mb4_0900_ai_ci;
/*!40101 SET character_set_client = @saved_cs_client */;

--
-- Dumping data for table `seccion`
--

LOCK TABLES `seccion` WRITE;
/*!40000 ALTER TABLE `seccion` DISABLE KEYS */;
INSERT INTO `seccion` VALUES (1,1,1,1,'pollito'),(2,1,1,2,'pollito'),(7,2,2,1,'pepito'),(8,2,2,2,'pepito'),(9,2,2,3,'pepito'),(10,2,2,4,'pepito');
/*!40000 ALTER TABLE `seccion` ENABLE KEYS */;
UNLOCK TABLES;

--
-- Temporary view structure for view `seccion_view`
--

DROP TABLE IF EXISTS `seccion_view`;
/*!50001 DROP VIEW IF EXISTS `seccion_view`*/;
SET @saved_cs_client     = @@character_set_client;
/*!50503 SET character_set_client = utf8mb4 */;
/*!50001 CREATE VIEW `seccion_view` AS SELECT 
 1 AS `id`,
 1 AS `profe`,
 1 AS `cod`,
 1 AS `alumni`,
 1 AS `seccionname`*/;
SET character_set_client = @saved_cs_client;

--
-- Final view structure for view `seccion_view`
--

/*!50001 DROP VIEW IF EXISTS `seccion_view`*/;
/*!50001 SET @saved_cs_client          = @@character_set_client */;
/*!50001 SET @saved_cs_results         = @@character_set_results */;
/*!50001 SET @saved_col_connection     = @@collation_connection */;
/*!50001 SET character_set_client      = utf8mb4 */;
/*!50001 SET character_set_results     = utf8mb4 */;
/*!50001 SET collation_connection      = utf8mb4_0900_ai_ci */;
/*!50001 CREATE ALGORITHM=UNDEFINED */
/*!50013 DEFINER=`root`@`localhost` SQL SECURITY DEFINER */
/*!50001 VIEW `seccion_view` (`id`,`profe`,`cod`,`alumni`,`seccionname`) AS select `a`.`id` AS `id`,`b`.`name` AS `profesor`,`c`.`codigo` AS `codigo`,`d`.`name` AS `alumno`,`a`.`name` AS `seccion_name` from (((`seccion` `a` join `profesor` `b` on((`a`.`idprofesor` = `b`.`id`))) join `aula` `c` on((`a`.`idaula` = `c`.`id`))) join `alumno` `d` on((`a`.`idalumno` = `d`.`id`))) */;
/*!50001 SET character_set_client      = @saved_cs_client */;
/*!50001 SET character_set_results     = @saved_cs_results */;
/*!50001 SET collation_connection      = @saved_col_connection */;
/*!40103 SET TIME_ZONE=@OLD_TIME_ZONE */;

/*!40101 SET SQL_MODE=@OLD_SQL_MODE */;
/*!40014 SET FOREIGN_KEY_CHECKS=@OLD_FOREIGN_KEY_CHECKS */;
/*!40014 SET UNIQUE_CHECKS=@OLD_UNIQUE_CHECKS */;
/*!40101 SET CHARACTER_SET_CLIENT=@OLD_CHARACTER_SET_CLIENT */;
/*!40101 SET CHARACTER_SET_RESULTS=@OLD_CHARACTER_SET_RESULTS */;
/*!40101 SET COLLATION_CONNECTION=@OLD_COLLATION_CONNECTION */;
/*!40111 SET SQL_NOTES=@OLD_SQL_NOTES */;

-- Dump completed on 2020-07-17 19:21:38
